name,email,mobile,address
Hari,hari193@outlook.com,9889032187,Jaipur
Mahesh,mahesh381@outlook.com,9969450859,Hyderabad
Deepak,deepak3@yahoo.com,9217563645,Ahmedabad
Kishore,kishore349@tcs.com,9900803042,Hyderabad
Ravi,ravi96@yahoo.com,9669396286,Hyderabad
Naveen,naveen87@yahoo.com,9165198948,Delhi
Ramu,ramu199@yahoo.com,9544163250,Hyderabad
Balu,balu57@tcs.com,9599915040,Coimbatore
Ravi,ravi525@tcs.com,9234792360,Coimbatore
Manoj,manoj210@yahoo.com,9219518233,Jaipur
Rajesh,rajesh293@tcs.com,9876972337,Mumbai
Kishore,kishore835@yahoo.com,9772878362,Chennai
Vijay,vijay473@yahoo.com,9637003270,Bangalore
Kishore,kishore309@gmail.com,9835847972,Pune
Santosh,santosh869@gmail.com,9573267681,Pune
Suresh,suresh51@yahoo.com,9257225405,Kolkata
Mahesh,mahesh160@yahoo.com,9250253816,Jaipur
Sunil,sunil279@gmail.com,9282479972,Jaipur
Kiran,kiran977@outlook.com,9409441874,Ahmedabad
Kiran,kiran825@tcs.com,9117722204,Chennai
Lokesh,lokesh757@yahoo.com,9326670752,Jaipur
Suresh,suresh922@gmail.com,9213498660,Chennai
Lokesh,lokesh871@gmail.com,9148268749,Pune
Santosh,santosh674@gmail.com,9335643724,Coimbatore
Anil,anil204@yahoo.com,9850536347,Chennai
Ravi,ravi896@yahoo.com,9113675924,Hyderabad
Rajesh,rajesh391@yahoo.com,9507317001,Mumbai
Ajay,ajay302@yahoo.com,9653298678,Coimbatore
Prasad,prasad867@outlook.com,9421485495,Mumbai
Mahesh,mahesh198@hotmail.com,9370980089,Mumbai
Kiran,kiran369@outlook.com,9791193849,Ahmedabad
Anil,anil570@tcs.com,9349511781,Bangalore
Anil,anil787@yahoo.com,9961921485,Kolkata
Balu,balu262@gmail.com,9653747126,Pune
Lokesh,lokesh290@outlook.com,9453740047,Mumbai
Sunil,sunil205@yahoo.com,9507396790,Hyderabad
Naveen,naveen147@yahoo.com,9539571237,Jaipur
Kishore,kishore296@gmail.com,9642197818,Jaipur
Vijay,vijay234@yahoo.com,9540482452,Hyderabad
Kishore,kishore585@tcs.com,9762058695,Coimbatore
Ajay,ajay531@hotmail.com,9848786707,Jaipur
Kiran,kiran208@yahoo.com,9606088332,Pune
Suresh,suresh748@infosys.com,9742676361,Pune
Suresh,suresh414@hotmail.com,9428464029,Delhi
Ramu,ramu203@yahoo.com,9468845555,Chennai
Vijay,vijay115@tcs.com,9333459882,Delhi
Vijay,vijay499@infosys.com,9439096900,Pune
Ramu,ramu647@gmail.com,9593306492,Coimbatore
Deepak,deepak576@tcs.com,9829807511,Kolkata
Lokesh,lokesh538@tcs.com,9761358796,Kolkata
Ravi,ravi505@outlook.com,9988392893,Mumbai
Mahesh,mahesh907@gmail.com,9888991145,Kolkata
Vijay,vijay172@gmail.com,9986477686,Jaipur
Anil,anil139@hotmail.com,9807974039,Coimbatore
Prasad,prasad884@infosys.com,9524661650,Bangalore
Vijay,vijay428@outlook.com,9814108609,Chennai
Balu,balu89@tcs.com,9920062079,Chennai
Naveen,naveen244@tcs.com,9756439364,Kolkata
Vijay,vijay586@gmail.com,9626631025,Hyderabad
Suresh,suresh602@gmail.com,9578381099,Hyderabad
Kishore,kishore530@infosys.com,9282830975,Ahmedabad
Naresh,naresh190@tcs.com,9942925292,Mumbai
Sunil,sunil44@infosys.com,9960968028,Jaipur
Ajay,ajay96@yahoo.com,9625883052,Jaipur
Anil,anil724@infosys.com,9203132285,Ahmedabad
Lokesh,lokesh489@gmail.com,9879744557,Hyderabad
Santosh,santosh188@hotmail.com,9427876244,Chennai
Deepak,deepak836@outlook.com,9352772980,Kolkata
Hari,hari833@yahoo.com,9132845303,Mumbai
Mahesh,mahesh146@outlook.com,9610524613,Jaipur
Balu,balu275@tcs.com,9168624926,Mumbai
Santosh,santosh579@outlook.com,9718726887,Hyderabad
Hari,hari478@tcs.com,9564137451,Jaipur
Naveen,naveen409@tcs.com,9806720153,Hyderabad
Rajesh,rajesh668@yahoo.com,9578135186,Mumbai
Ravi,ravi457@tcs.com,9453895721,Jaipur
Hari,hari653@yahoo.com,9346504587,Mumbai
Ajay,ajay280@gmail.com,9205777629,Mumbai
Ravi,ravi624@gmail.com,9693547237,Coimbatore
Naveen,naveen784@yahoo.com,9407754067,Ahmedabad
Kiran,kiran712@yahoo.com,9867876353,Kolkata
Ravi,ravi51@yahoo.com,9632599461,Kolkata
Balu,balu276@hotmail.com,9151224655,Pune
Manoj,manoj580@yahoo.com,9952597019,Bangalore
Manoj,manoj144@hotmail.com,9690132482,Ahmedabad
Ajay,ajay379@hotmail.com,9885688930,Ahmedabad
Ravi,ravi180@hotmail.com,9456174895,Delhi
Ravi,ravi899@hotmail.com,9608957171,Chennai
Anil,anil448@outlook.com,9284716496,Chennai
Manoj,manoj354@tcs.com,9381899128,Chennai
Mahesh,mahesh583@yahoo.com,9262564200,Ahmedabad
Manoj,manoj459@yahoo.com,9999057949,Delhi
Balu,balu754@hotmail.com,9812454047,Coimbatore
Naveen,naveen959@gmail.com,9956567915,Bangalore
Ravi,ravi186@tcs.com,9876055200,Bangalore
Vijay,vijay947@gmail.com,9596374936,Coimbatore
Kiran,kiran645@infosys.com,9511816384,Kolkata
Ramu,ramu661@tcs.com,9833214959,Bangalore
Santosh,santosh701@infosys.com,9952222522,Delhi
Deepak,deepak641@tcs.com,9369382025,Chennai
